event_id,title,clean_title,year,month,start_date,end_date,start_time,end_time,duration_days,is_all_day,is_loading_setup,event_category,building,floor,room_codes,venue_name,organizer_name,organizer_sector,pic_or_contact,notes_clean,notes_raw,location_field,who_field,subcalendar_id,subcalendar_name,teamup_version,creation_dt,update_dt,source_url
1957194947,Forum Nasional Sinergi Kerja Sama Ekonomi ASEAN,Forum Nasional Sinergi Kerja Sama Ekonomi ASEAN,2025,9,2025-09-29,2025-09-29,All Day,All Day,1,1,0,"Forum, Seminar & Workshop",Gedung C,Lantai 2,-,Gedung C Lantai 2,Mitra Eksternal / Penyelenggara Umum,Lainnya / Eksternal,-,Gedung C Lantai 2,<p>Gedung C Lantai 2</p>,,,14828841,A.A. Maramis Events,8f696f2e982e,2025-09-23T18:28:46+07:00,,https://teamup.com/ksmwq7sm1fck44ynrs
1957195105,Open House Gedung A.A.Maramis,Open House Gedung A.A.Maramis,2025,9,2025-09-30,2025-09-30,All Day,All Day,1,1,0,Heritage Walking Tour & Visit,Seluruh Kompleks Gedung AA Maramis,Semua Lantai,-,Seluruh Kompleks Gedung AA Maramis Semua Lantai,Mitra Eksternal / Penyelenggara Umum,Lainnya / Eksternal,-,Seluruh area gedung,<p>Seluruh area gedung</p>,,,14828841,A.A. Maramis Events,faf64434f4fa,2025-09-23T18:29:13+07:00,,https://teamup.com/ksmwq7sm1fck44ynrs
1961285912,(C.2.12) Pengarahan P3K Kemenko,Pengarahan P3K Kemenko,2025,10,2025-10-01,2025-10-01,All Day,All Day,1,1,0,"Official Meeting, Ceremony & Gala",Gedung C,Lantai 2,C.2.12,Gedung C Lantai 2 (C.2.12),Kementerian Koordinator Bidang Perekonomian,Kementerian & Lembaga Negara,-,,,,,14828841,A.A. Maramis Events,93b24e86ef8e,2025-09-30T09:02:08+07:00,2025-10-01T15:27:06+07:00,https://teamup.com/ksmwq7sm1fck44ynrs
1963585368,(C.2) Tech Meet sebelum loading LDKPI,Tech Meet sebelum loading LDKPI,2025,10,2025-10-06,2025-10-06,10:00:00,11:00:00,1,0,1,Loading & Technical Setup,Gedung C,Lantai 2,-,Gedung C Lantai 2,Lembaga Dana Kerjasama Pembangunan Internasional (LDKPI),Kementerian & Lembaga Negara,-,,,,,14828841,A.A. Maramis Events,f900b01ccb3f,2025-10-03T14:25:48+07:00,2025-10-03T14:26:08+07:00,https://teamup.com/ksmwq7sm1fck44ynrs
1957198416,(C.2.3) LDKPI - Dialogue Meeting IsDB Member Countries,LDKPI - Dialogue Meeting IsDB Member Countries,2025,10,2025-10-07,2025-10-07,All Day,All Day,1,1,0,"Forum, Seminar & Workshop",Gedung C,Lantai 2,C.2.3,Gedung C Lantai 2 (C.2.3),Lembaga Dana Kerjasama Pembangunan Internasional (LDKPI),Kementerian & Lembaga Negara,-,LDKPI,<p>LDKPI</p>,,,14828841,A.A. Maramis Events,982182e9c300,2025-09-23T18:35:25+07:00,2025-10-01T15:03:06+07:00,https://teamup.com/ksmwq7sm1fck44ynrs
1957211305,(C.2 dan selasar) IKKT Otmilti II Jakarta - Photoshoot,IKKT Otmilti II Jakarta - Photoshoot,2025,10,2025-10-09,2025-10-09,09:00:00,10:30:00,1,0,0,Photoshoot & Fashion Show,Gedung C,Lantai 2,-,Gedung C Lantai 2 (Selasar / Tangga Masuk),IKKT Otmilti II Jakarta,Kementerian & Lembaga Negara,-,,,,,14828841,A.A. Maramis Events,9deea88bc6ba,2025-09-23T18:56:33+07:00,2025-10-03T14:26:31+07:00,https://teamup.com/ksmwq7sm1fck44ynrs
1966518644,Sesi Foto Dit SITP - DJPb feat. MoF Republik Bangladesh,Sesi Foto Dit SITP - DJPb feat. MoF Republik Bangladesh,2025,10,2025-10-09,2025-10-09,11:30:00,12:30:00,1,0,0,Photoshoot & Fashion Show,Gedung AA Maramis,Unspecified,-,Gedung AA Maramis (General / Kompleks),Direktorat Jenderal Perbendaharaan (DJPb),Kementerian Keuangan RI (Internal),-,,,,,14828841,A.A. Maramis Events,a344e10efab9,2025-10-08T16:48:19+07:00,2025-10-08T16:48:41+07:00,https://teamup.com/ksmwq7sm1fck44ynrs
1965081797,(Area tangga masuk) Foto Profil Direktorat TSI,Foto Profil Direktorat TSI,2025,10,2025-10-13,2025-10-13,09:00:00,10:00:00,1,0,0,Photoshoot & Fashion Show,Gedung C,Lantai 2,-,Gedung C Lantai 2 (Selasar / Tangga Masuk),Direktorat TSI / SITP Kemenkeu,Kementerian Keuangan RI (Internal),-,,,Gedung C2 AA Maramis,,14828841,A.A. Maramis Events,c66a12607028,2025-10-06T16:34:06+07:00,2025-10-08T16:55:41+07:00,https://teamup.com/ksmwq7sm1fck44ynrs
1967290333,(C2) Walking tour setelah rapat DJPPR,Walking tour setelah rapat DJPPR,2025,10,2025-10-14,2025-10-14,All Day,All Day,1,1,0,Heritage Walking Tour & Visit,Gedung C,Lantai 2,-,Gedung C Lantai 2,Direktorat Jenderal Pengelolaan Pembiayaan dan Risiko (DJPPR),Kementerian Keuangan RI (Internal),-,,,,,14828841,A.A. Maramis Events,49f301fe558e,2025-10-09T19:12:02+07:00,,https://teamup.com/ksmwq7sm1fck44ynrs
1965678385,Rapat internal BANK BNI,Rapat internal BANK BNI,2025,10,2025-10-16,2025-10-16,All Day,All Day,1,1,0,"Official Meeting, Ceremony & Gala",Gedung C,Lantai 2,Ruang VIP (Gd C),Gedung C Lantai 2 (Ruang VIP (Gd C)),PT Bank Negara Indonesia (Persero) Tbk,BUMN & Lembaga Keuangan,-,Rapat internal BANK BNI (40 orang),<p>Rapat internal BANK BNI (40 orang)</p>,Gedung C2 Ruang VIP AA Maramis,BNI,14828841,A.A. Maramis Events,4769f1b21260,2025-10-07T11:40:54+07:00,2025-10-09T17:40:31+07:00,https://teamup.com/ksmwq7sm1fck44ynrs
1957198951,(A.1) AKARA - Heritage Tour,AKARA - Heritage Tour,2025,10,2025-10-19,2025-10-19,All Day,All Day,1,1,0,Heritage Walking Tour & Visit,Gedung A,Lantai 1,-,Gedung A Lantai 1,AKARA Heritage Tour,Komunitas & Heritage Tour,-,,,,,14828841,A.A. Maramis Events,3e2902534ee8,2025-09-23T18:36:26+07:00,2025-10-01T15:14:25+07:00,https://teamup.com/ksmwq7sm1fck44ynrs
1962907324,(C.2.3 & C.2.12) LMAN - Stakeholders Meeting (PET),LMAN - Stakeholders Meeting (PET),2025,10,2025-10-20,2025-10-20,All Day,All Day,1,1,0,"Official Meeting, Ceremony & Gala",Gedung C,Lantai 2,"C.2.12, C.2.3","Gedung C Lantai 2 (C.2.12, C.2.3)",Lembaga Manajemen Aset Negara (LMAN),Kementerian Keuangan RI (Internal),-,,,,,14828841,A.A. Maramis Events,e0a0e752d5c4,2025-10-02T14:50:12+07:00,2025-10-02T14:51:46+07:00,https://teamup.com/ksmwq7sm1fck44ynrs
1974293843,LOADING C1 DJPPR,LOADING C1 DJPPR,2025,10,2025-10-21,2025-10-21,10:00:00,15:00:00,1,0,1,Loading & Technical Setup,Gedung C,Lantai 1,-,Gedung C Lantai 1,Direktorat Jenderal Pengelolaan Pembiayaan dan Risiko (DJPPR),Kementerian Keuangan RI (Internal),-,,,,,14828841,A.A. Maramis Events,8d68af2a59af,2025-10-21T07:18:45+07:00,2025-10-21T07:41:31+07:00,https://teamup.com/ksmwq7sm1fck44ynrs
1966522620,(C.1) Walking Tour DJPPR,Walking Tour DJPPR,2025,10,2025-10-22,2025-10-22,All Day,All Day,1,1,0,Heritage Walking Tour & Visit,Gedung C,Lantai 1,-,Gedung C Lantai 1,Direktorat Jenderal Pengelolaan Pembiayaan dan Risiko (DJPPR),Kementerian Keuangan RI (Internal),-,Walking Tour DJPPR,<p>Walking Tour DJPPR</p>,Gedung C lantai 1,DJPPR,14828841,A.A. Maramis Events,01159310b351,2025-10-08T16:54:51+07:00,2025-10-08T16:55:22+07:00,https://teamup.com/ksmwq7sm1fck44ynrs
1974293741,(C2) Dinner Wakil Menteri Kabinet,Dinner Wakil Menteri Kabinet,2025,10,2025-10-22,2025-10-22,15:00:00,20:00:00,1,0,0,"Official Meeting, Ceremony & Gala",Gedung C,Lantai 2,-,Gedung C Lantai 2,Mitra Eksternal / Penyelenggara Umum,Lainnya / Eksternal,-,,,,,14828841,A.A. Maramis Events,198f52073938,2025-10-21T07:17:46+07:00,2025-10-21T07:17:57+07:00,https://teamup.com/ksmwq7sm1fck44ynrs
1974293980,LOADING C2 LMAN Stakeholders Meeting,LOADING C2 LMAN Stakeholders Meeting,2025,10,2025-10-22,2025-10-22,20:00:00,23:00:00,1,0,1,Loading & Technical Setup,Gedung C,Lantai 2,-,Gedung C Lantai 2,Lembaga Manajemen Aset Negara (LMAN),Kementerian Keuangan RI (Internal),-,,,,,14828841,A.A. Maramis Events,52a28f33011e,2025-10-21T07:19:42+07:00,,https://teamup.com/ksmwq7sm1fck44ynrs
1962206449,(C.2) LMAN - Stakeholders Meeting (PP2),LMAN - Stakeholders Meeting (PP2),2025,10,2025-10-23,2025-10-23,15:00:00,19:00:00,1,0,0,"Official Meeting, Ceremony & Gala",Gedung C,Lantai 2,-,Gedung C Lantai 2,Lembaga Manajemen Aset Negara (LMAN),Kementerian Keuangan RI (Internal),-,,,,,14828841,A.A. Maramis Events,ea5ea3354498,2025-10-01T15:21:57+07:00,2025-10-21T07:16:41+07:00,https://teamup.com/ksmwq7sm1fck44ynrs
1974294056,LOADING C2 Kemenkeu LOM,LOADING C2 Kemenkeu LOM,2025,10,2025-10-23,2025-10-23,20:00:00,23:30:00,1,0,1,Loading & Technical Setup,Gedung C,Lantai 2,-,Gedung C Lantai 2,Mitra Eksternal / Penyelenggara Umum,Lainnya / Eksternal,-,,,,,14828841,A.A. Maramis Events,e89ef865a905,2025-10-21T07:20:21+07:00,,https://teamup.com/ksmwq7sm1fck44ynrs
1972157802,Kemenkeu Leaders Offsite Meeting - PIC Pushaka Kemenkeu,Kemenkeu Leaders Offsite Meeting - PIC Pushaka Kemenkeu,2025,10,2025-10-24,2025-10-24,08:00:00,17:00:00,1,0,0,"Official Meeting, Ceremony & Gala",Gedung AA Maramis,Unspecified,-,Gedung AA Maramis (General / Kompleks),Biro Advokasi & Hukum Kemenkeu,Kementerian Keuangan RI (Internal),-,,,,Biro Hukum,14828841,A.A. Maramis Events,fcccc769fa33,2025-10-17T09:25:08+07:00,2025-10-21T07:16:08+07:00,https://teamup.com/ksmwq7sm1fck44ynrs
1974294117,LOADING C2 Biro KLI,LOADING C2 Biro KLI,2025,10,2025-10-27,2025-10-27,13:00:00,18:00:00,1,0,1,Loading & Technical Setup,Gedung C,Lantai 2,-,Gedung C Lantai 2,Biro Komunikasi dan Layanan Informasi (KLI Kemenkeu),Kementerian Keuangan RI (Internal),-,,,,,14828841,A.A. Maramis Events,878fc5ad8025,2025-10-21T07:21:00+07:00,,https://teamup.com/ksmwq7sm1fck44ynrs
1973643107,IHT for Employee Advocacy Champions by Biro KLI,IHT for Employee Advocacy Champions by Biro KLI,2025,10,2025-10-28,2025-10-29,All Day,All Day,2,1,0,"Forum, Seminar & Workshop",Gedung AA Maramis,Unspecified,-,Gedung AA Maramis (General / Kompleks),Biro Komunikasi dan Layanan Informasi (KLI Kemenkeu),Kementerian Keuangan RI (Internal),-,,,,,14828841,A.A. Maramis Events,d110d3418c03,2025-10-20T11:22:40+07:00,2025-10-20T11:23:01+07:00,https://teamup.com/ksmwq7sm1fck44ynrs
1977956341,Alokasi Untuk Upacara Hari Oeang,Alokasi Untuk Upacara Hari Oeang,2025,10,2025-10-30,2025-10-30,All Day,All Day,1,1,0,"Official Meeting, Ceremony & Gala",Gedung AA Maramis,Unspecified,-,Gedung AA Maramis (General / Kompleks),Pimpinan Kementerian Keuangan RI,Kementerian Keuangan RI (Internal),-,,,,,14828841,A.A. Maramis Events,7731eadb8fe8,2025-10-27T08:41:06+07:00,,https://teamup.com/ksmwq7sm1fck44ynrs
1957209926,"Walking Tour by Eat, Chat, Walk","Walking Tour by Eat, Chat, Walk",2025,11,2025-11-01,2025-11-01,All Day,All Day,1,1,0,Heritage Walking Tour & Visit,Gedung AA Maramis,Unspecified,-,Gedung AA Maramis (General / Kompleks),"Eat, Chat, Walk (ECW)",Komunitas & Heritage Tour,-,,,,,14828841,A.A. Maramis Events,e6ff47439ac5,2025-09-23T18:53:18+07:00,,https://teamup.com/ksmwq7sm1fck44ynrs
1957210261,Loading In - Coffee Conference,Loading In - Coffee Conference,2025,11,2025-11-01,2025-11-05,All Day,All Day,5,1,1,Loading & Technical Setup,Gedung AA Maramis,Unspecified,-,Gedung AA Maramis (General / Kompleks),Coffee Conference Indonesia,Festival & Konferensi,-,,,,,14828841,A.A. Maramis Events,f16dc3da3fd9,2025-09-23T18:54:08+07:00,,https://teamup.com/ksmwq7sm1fck44ynrs
1957210124,Coffee Conference,Coffee Conference,2025,11,2025-11-06,2025-11-08,All Day,All Day,3,1,0,"Exhibition, Bazaar & Festival",Gedung AA Maramis,Unspecified,-,Gedung AA Maramis (General / Kompleks),Coffee Conference Indonesia,Festival & Konferensi,-,,,,,14828841,A.A. Maramis Events,c979415b254b,2025-09-23T18:53:53+07:00,,https://teamup.com/ksmwq7sm1fck44ynrs
1966516511,(Rencana) Komunitas Membaca Raden Saleh,Komunitas Membaca Raden Saleh,2025,11,2025-11-08,2025-11-08,All Day,All Day,1,1,0,Corporate & Institutional Event,Gedung AA Maramis,Unspecified,-,Gedung AA Maramis (General / Kompleks),Komunitas Membaca Raden Saleh,Komunitas Literasi & Seni,-,,,,,14828841,A.A. Maramis Events,950c31f38047,2025-10-08T16:42:05+07:00,,https://teamup.com/ksmwq7sm1fck44ynrs
1966514155,(C.2) Diskominfotik Jakarta - Peluncuran Satu Data,Diskominfotik Jakarta - Peluncuran Satu Data,2025,11,2025-11-11,2025-11-11,All Day,All Day,1,1,0,"Official Meeting, Ceremony & Gala",Gedung C,Lantai 2,-,Gedung C Lantai 2,Diskominfotik DKI Jakarta,Kementerian & Lembaga Negara,-,,,,,14828841,A.A. Maramis Events,1eea2fb5f36a,2025-10-08T16:36:58+07:00,,https://teamup.com/ksmwq7sm1fck44ynrs
1979636435,(C.2) Seminar & FGD Biro SDM,Seminar & FGD Biro SDM,2025,11,2025-11-12,2025-11-13,All Day,All Day,2,1,0,"Forum, Seminar & Workshop",Gedung C,Lantai 2,-,Gedung C Lantai 2,Biro Sumber Daya Manusia (SDM Kemenkeu),Kementerian Keuangan RI (Internal),-,,,,,14828841,A.A. Maramis Events,452055ea1d38,2025-10-29T15:58:04+07:00,,https://teamup.com/ksmwq7sm1fck44ynrs
1964593688,Walking Tour - Komunitas Sahabat Gizi,Walking Tour - Komunitas Sahabat Gizi,2025,11,2025-11-15,2025-11-15,09:00:00,12:00:00,1,0,0,Heritage Walking Tour & Visit,Seluruh Kompleks Gedung AA Maramis,Semua Lantai,-,Seluruh Kompleks Gedung AA Maramis Semua Lantai,Komunitas Sahabat Gizi,Komunitas Sosial,-,,,seluruh gedung AA Maramis,Komunitas Sahabat Gizi,14828841,A.A. Maramis Events,adf3b1025997,2025-10-05T15:40:27+07:00,,https://teamup.com/ksmwq7sm1fck44ynrs
1987416346,Study Visit Kemenkeu Kamboja (Tour),Study Visit Kemenkeu Kamboja (Tour),2025,11,2025-11-17,2025-11-17,All Day,All Day,1,1,0,Heritage Walking Tour & Visit,Gedung AA Maramis,Unspecified,-,Gedung AA Maramis (General / Kompleks),Ministry of Economy and Finance Cambodia,Kementerian & Lembaga Negara,-,,,,,14828841,A.A. Maramis Events,d53752856951,2025-11-11T13:40:42+07:00,,https://teamup.com/ksmwq7sm1fck44ynrs
1957210407,Indy Fest,Indy Fest,2025,11,2025-11-18,2025-11-19,All Day,All Day,2,1,0,"Exhibition, Bazaar & Festival",Gedung AA Maramis,Unspecified,-,Gedung AA Maramis (General / Kompleks),Indy Fest,Festival & Bazaar Kreatif,-,,,,,14828841,A.A. Maramis Events,d8beac5fc4ae,2025-09-23T18:54:35+07:00,,https://teamup.com/ksmwq7sm1fck44ynrs
1979636085,(C.2) Event SMF X Bank Indonesia,Event SMF X Bank Indonesia,2025,11,2025-11-20,2025-11-20,09:00:00,12:00:00,1,0,0,Corporate & Institutional Event,Gedung C,Lantai 2,-,Gedung C Lantai 2,PT Sarana Multigriya Finansial (Persero),BUMN & Lembaga Keuangan,-,,,,,14828841,A.A. Maramis Events,9b52a06714d0,2025-10-29T15:56:44+07:00,2025-11-16T05:49:20+07:00,https://teamup.com/ksmwq7sm1fck44ynrs
1988002745,(A2) Kemenko High-level Roundtable on Livable Planet Economics-PIC Mya,Kemenko High-level Roundtable on Livable Planet Economics-PIC Mya,2025,11,2025-11-21,2025-11-21,09:00:00,12:00:00,1,0,0,"Forum, Seminar & Workshop",Gedung A,Lantai 2,-,Gedung A Lantai 2,Kementerian Koordinator Bidang Perekonomian,Kementerian & Lembaga Negara,-,,,,,14828841,A.A. Maramis Events,86a44f20bb5c,2025-11-12T10:14:57+07:00,2025-11-18T10:12:18+07:00,https://teamup.com/ksmwq7sm1fck44ynrs
1973893195,Walking Tour ECW,Walking Tour ECW,2025,11,2025-11-22,2025-11-22,All Day,All Day,1,1,0,Heritage Walking Tour & Visit,Gedung AA Maramis,Unspecified,-,Gedung AA Maramis (General / Kompleks),"Eat, Chat, Walk (ECW)",Komunitas & Heritage Tour,-,,,,,14828841,A.A. Maramis Events,d1234356f511,2025-10-20T19:39:46+07:00,,https://teamup.com/ksmwq7sm1fck44ynrs
1962913538,Konser Musik Gitanada School,Konser Musik Gitanada School,2025,11,2025-11-23,2025-11-23,12:00:00,17:00:00,1,0,0,Concert & Music Performance,Gedung A,Lantai 2,-,Gedung A Lantai 2,Gitanada School of Music,Pendidikan & Seni Musik,-,,,Gedung A Lantai 2 AA Maramis,,14828841,A.A. Maramis Events,f2d43ad828e1,2025-10-02T15:01:54+07:00,,https://teamup.com/ksmwq7sm1fck44ynrs
1993033417,(Majapahit) Orientasi Magang Kemenko Perekonomian,Orientasi Magang Kemenko Perekonomian,2025,11,2025-11-24,2025-11-24,All Day,All Day,1,1,0,"Official Meeting, Ceremony & Gala",Gedung Utama (Historical Halls),Unspecified,Ruang Majapahit,Gedung Utama (Historical Halls) (Ruang Majapahit),Kementerian Koordinator Bidang Perekonomian,Kementerian & Lembaga Negara,-,,,,,14828841,A.A. Maramis Events,3700fd61723c,2025-11-20T14:30:26+07:00,,https://teamup.com/ksmwq7sm1fck44ynrs
1966513563,(C.2) LMAN - Investor Gathering,LMAN - Investor Gathering,2025,11,2025-11-26,2025-11-26,All Day,All Day,1,1,0,Corporate & Institutional Event,Gedung C,Lantai 2,-,Gedung C Lantai 2,Lembaga Manajemen Aset Negara (LMAN),Kementerian Keuangan RI (Internal),-,,,,,14828841,A.A. Maramis Events,0bed0c990566,2025-10-08T16:35:36+07:00,,https://teamup.com/ksmwq7sm1fck44ynrs
1978156107,(C2) Menyambut HM Queen Maxima (Ratu Belanda) oleh DLIK OJK,Menyambut HM Queen Maxima (Ratu Belanda) oleh DLIK OJK,2025,11,2025-11-27,2025-11-27,All Day,All Day,1,1,0,Corporate & Institutional Event,Gedung C,Lantai 2,-,Gedung C Lantai 2,Otoritas Jasa Keuangan (OJK),Kementerian & Lembaga Negara,-,,,,,14828841,A.A. Maramis Events,91ac382ac73f,2025-10-27T16:38:44+07:00,,https://teamup.com/ksmwq7sm1fck44ynrs
1988015465,(A2) kemenko 50 orang-PIC Bu Shofiah,kemenko 50 orang-PIC Bu Shofiah,2025,11,2025-11-28,2025-11-28,09:00:00,10:00:00,1,0,0,Corporate & Institutional Event,Gedung A,Lantai 2,-,Gedung A Lantai 2,Kementerian Koordinator Bidang Perekonomian,Kementerian & Lembaga Negara,-,,,,,14828841,A.A. Maramis Events,17f52a19d2b0,2025-11-12T10:59:07+07:00,2025-11-18T09:32:24+07:00,https://teamup.com/ksmwq7sm1fck44ynrs
1986701644,(C2) Reuni FH Univ Andalas,Reuni FH Univ Andalas,2025,11,2025-11-29,2025-11-29,All Day,All Day,1,1,0,"Official Meeting, Ceremony & Gala",Gedung C,Lantai 2,-,Gedung C Lantai 2,Alumni Universitas (IKA Unpad / Unand),Pendidikan & Akademik,-,,,,,14828841,A.A. Maramis Events,26c967531ed2,2025-11-10T14:23:22+07:00,2025-11-27T09:47:07+07:00,https://teamup.com/ksmwq7sm1fck44ynrs
1986621108,(C.2) Rapat Mahkamah Konstitusi,Rapat Mahkamah Konstitusi,2025,11,2025-11-30,2025-11-30,All Day,All Day,1,1,0,"Official Meeting, Ceremony & Gala",Gedung C,Lantai 2,-,Gedung C Lantai 2,Mahkamah Konstitusi RI,Kementerian & Lembaga Negara,-,,,,,14828841,A.A. Maramis Events,d019798d5448,2025-11-10T09:48:18+07:00,,https://teamup.com/ksmwq7sm1fck44ynrs
1975138791,Walking tour Komunitas Jejak Historia,Walking tour Komunitas Jejak Historia,2025,11,2025-11-30,2025-11-30,All Day,All Day,1,1,0,Heritage Walking Tour & Visit,Gedung AA Maramis,Unspecified,-,Gedung AA Maramis (General / Kompleks),Komunitas Jejak Historia,Komunitas & Heritage Tour,-,,,,,14828841,A.A. Maramis Events,2c4614746517,2025-10-22T11:01:08+07:00,,https://teamup.com/ksmwq7sm1fck44ynrs
1995847978,LMAN (PDT) (Majapahit) - Rapat Koordinasi Tindak Lanjut Rekomendasi BPK,LMAN (PDT) (Majapahit) - Rapat Koordinasi Tindak Lanjut Rekomendasi BPK,2025,12,2025-12-03,2025-12-03,All Day,All Day,1,1,0,"Official Meeting, Ceremony & Gala",Gedung Utama (Historical Halls),Unspecified,Ruang Majapahit,Gedung Utama (Historical Halls) (Ruang Majapahit),Lembaga Manajemen Aset Negara (LMAN),Kementerian Keuangan RI (Internal),-,,,,,14828841,A.A. Maramis Events,dab47abd351b,2025-11-25T13:43:22+07:00,2025-11-25T13:45:42+07:00,https://teamup.com/ksmwq7sm1fck44ynrs
1996665622,Kemenko Perekonomian (PIC Charisma),Kemenko Perekonomian (PIC Charisma),2025,12,2025-12-09,2025-12-09,All Day,All Day,1,1,0,Corporate & Institutional Event,Gedung AA Maramis,Unspecified,-,Gedung AA Maramis (General / Kompleks),Kementerian Koordinator Bidang Perekonomian,Kementerian & Lembaga Negara,Charisma,,,,,14828841,A.A. Maramis Events,cf4493dbd021,2025-11-26T16:59:35+07:00,,https://teamup.com/ksmwq7sm1fck44ynrs
1991598258,Loading inspektorat Kemenko 14.00,Loading inspektorat Kemenko 14.00,2025,12,2025-12-10,2025-12-10,All Day,All Day,1,1,1,Loading & Technical Setup,Gedung AA Maramis,Unspecified,-,Gedung AA Maramis (General / Kompleks),Kementerian Koordinator Bidang Perekonomian,Kementerian & Lembaga Negara,-,,,,,14828841,A.A. Maramis Events,73d99d23d664,2025-11-18T14:24:11+07:00,,https://teamup.com/ksmwq7sm1fck44ynrs
1986621201,(C.2) Inspektorat Kemenko Perekonomian,Inspektorat Kemenko Perekonomian,2025,12,2025-12-11,2025-12-11,All Day,All Day,1,1,0,Corporate & Institutional Event,Gedung C,Lantai 2,-,Gedung C Lantai 2,Kementerian Koordinator Bidang Perekonomian,Kementerian & Lembaga Negara,-,,,,,14828841,A.A. Maramis Events,fdb6b63a14ea,2025-11-10T09:48:46+07:00,,https://teamup.com/ksmwq7sm1fck44ynrs
2003375162,(A2) Rapat Koordinasi Kehumasan DJKN,Rapat Koordinasi Kehumasan DJKN,2025,12,2025-12-15,2025-12-15,All Day,All Day,1,1,0,"Official Meeting, Ceremony & Gala",Gedung A,Lantai 2,-,Gedung A Lantai 2,Direktorat Jenderal Kekayaan Negara (DJKN),Kementerian Keuangan RI (Internal),-,,,,,14828841,A.A. Maramis Events,7c59f29476fb,2025-12-08T15:58:40+07:00,2025-12-10T16:35:29+07:00,https://teamup.com/ksmwq7sm1fck44ynrs
1996569931,Loading (C.2.3 C.2.4 dan C2.13) Peningkatan Kompetensi Kehumasan Sekretariat Jenderal Tahun 2025-PIC Thoriq,Loading (C.2.3 C.2.4 dan C2.13) Peningkatan Kompetensi Kehumasan Sekretariat Jenderal Tahun 2025-PIC Thoriq,2025,12,2025-12-15,2025-12-15,10:00:00,19:00:00,1,0,1,Loading & Technical Setup,Gedung C,Lantai 2,"C.2.13, C.2.4, C.2.3","Gedung C Lantai 2 (C.2.13, C.2.4, C.2.3)",Sekretariat Jenderal Kemenkeu,Kementerian Keuangan RI (Internal),-,,,,,14828841,A.A. Maramis Events,d80961d33a3f,2025-11-26T13:01:41+07:00,2025-12-11T13:47:21+07:00,https://teamup.com/ksmwq7sm1fck44ynrs
2004789991,(A2) Rapat LMAN dengan PKN dan PKKN,Rapat LMAN dengan PKN dan PKKN,2025,12,2025-12-16,2025-12-16,All Day,All Day,1,1,0,"Official Meeting, Ceremony & Gala",Gedung A,Lantai 2,-,Gedung A Lantai 2,Lembaga Manajemen Aset Negara (LMAN),Kementerian Keuangan RI (Internal),-,,,,,14828841,A.A. Maramis Events,4e3247b3d20b,2025-12-10T16:41:58+07:00,,https://teamup.com/ksmwq7sm1fck44ynrs
2005402124,(C.2.3 C.2.4 dan C2.13) Peningkatan Kompetensi Kehumasan Sekretariat Jenderal Tahun 2025-PIC Thoriq,Peningkatan Kompetensi Kehumasan Sekretariat Jenderal Tahun 2025-PIC Thoriq,2025,12,2025-12-16,2025-12-16,All Day,All Day,1,1,0,"Forum, Seminar & Workshop",Gedung C,Lantai 2,"C.2.13, C.2.4, C.2.3","Gedung C Lantai 2 (C.2.13, C.2.4, C.2.3)",Sekretariat Jenderal Kemenkeu,Kementerian Keuangan RI (Internal),-,,,,,14828841,A.A. Maramis Events,bf1aef1e33be,2025-12-11T13:47:41+07:00,,https://teamup.com/ksmwq7sm1fck44ynrs
2004096530,Penandatanganan PKS LMAN dan KKKS - Penandatanganan MOU LMAN dan MRT,Penandatanganan PKS LMAN dan KKKS - Penandatanganan MOU LMAN dan MRT,2025,12,2025-12-17,2025-12-17,All Day,All Day,1,1,0,"Official Meeting, Ceremony & Gala",Gedung AA Maramis,Unspecified,-,Gedung AA Maramis (General / Kompleks),Lembaga Manajemen Aset Negara (LMAN),Kementerian Keuangan RI (Internal),-,,,,,14828841,A.A. Maramis Events,ecf1140557ae,2025-12-09T16:38:49+07:00,2025-12-09T17:09:50+07:00,https://teamup.com/ksmwq7sm1fck44ynrs
2004790859,(C2) Loading Kegiatan Disparekraf dan PGN,Loading Kegiatan Disparekraf dan PGN,2025,12,2025-12-17,2025-12-17,All Day,All Day,1,1,1,Loading & Technical Setup,Gedung C,Lantai 2,-,Gedung C Lantai 2,Dinas Pariwisata dan Ekonomi Kreatif DKI Jakarta,Kementerian & Lembaga Negara,-,,,,,14828841,A.A. Maramis Events,98481f42b337,2025-12-10T16:44:29+07:00,,https://teamup.com/ksmwq7sm1fck44ynrs
1999948536,Kunjungan PKN STAN,Kunjungan PKN STAN,2025,12,2025-12-17,2025-12-17,14:00:00,16:00:00,1,0,0,Heritage Walking Tour & Visit,Gedung AA Maramis,Unspecified,-,Gedung AA Maramis (General / Kompleks),Politeknik Keuangan Negara STAN (PKN STAN),Kementerian Keuangan RI (Internal),-,,,,,14828841,A.A. Maramis Events,500da82fe6fd,2025-12-02T18:05:25+07:00,,https://teamup.com/ksmwq7sm1fck44ynrs
2001374431,(C2.3) internal meeting PGN-PIC Citra,internal meeting PGN-PIC Citra,2025,12,2025-12-18,2025-12-19,07:00:00,17:00:00,2,0,0,"Official Meeting, Ceremony & Gala",Gedung C,Lantai 2,C.2.3,Gedung C Lantai 2 (C.2.3),PT Perusahaan Gas Negara Tbk (PGN),BUMN & Lembaga Keuangan,-,,,,,14828841,A.A. Maramis Events,7951f30da252,2025-12-04T18:09:35+07:00,2025-12-10T16:27:26+07:00,https://teamup.com/ksmwq7sm1fck44ynrs
1987530216,C2.2 C2.11 C2.12 & C2.13 Disparekraf Prov DKI Jakarta,C2.2 C2.11 C2.12 & C2.13 Disparekraf Prov DKI Jakarta,2025,12,2025-12-19,2025-12-19,18:00:00,22:00:00,1,0,0,Corporate & Institutional Event,Gedung C,Lantai 2,"C.2.13, C.2.12, C.2.11, C.2.2","Gedung C Lantai 2 (C.2.13, C.2.12, C.2.11, C.2.2)",Dinas Pariwisata dan Ekonomi Kreatif DKI Jakarta,Kementerian & Lembaga Negara,-,,,,,14828841,A.A. Maramis Events,ae5209b82331,2025-11-11T17:39:21+07:00,2025-12-10T16:31:48+07:00,https://teamup.com/ksmwq7sm1fck44ynrs
2010196324,Walking tour Unpar,Walking tour Unpar,2025,12,2025-12-20,2025-12-20,09:00:00,11:00:00,1,0,0,Heritage Walking Tour & Visit,Gedung AA Maramis,Unspecified,-,Gedung AA Maramis (General / Kompleks),Universitas Katolik Parahyangan (Unpar),Pendidikan & Akademik,-,,,,,14828841,A.A. Maramis Events,5b7b043184b0,2025-12-19T09:34:59+07:00,,https://teamup.com/ksmwq7sm1fck44ynrs
1957212693,"Walking Tour by Eat, Chat, Walk","Walking Tour by Eat, Chat, Walk",2025,12,2025-12-23,2025-12-23,All Day,All Day,1,1,0,Heritage Walking Tour & Visit,Gedung AA Maramis,Unspecified,-,Gedung AA Maramis (General / Kompleks),"Eat, Chat, Walk (ECW)",Komunitas & Heritage Tour,-,,,,,14828841,A.A. Maramis Events,e792277963ce,2025-09-23T18:58:48+07:00,,https://teamup.com/ksmwq7sm1fck44ynrs
2004054543,Walking Tour PT Aura Vista Global,Walking Tour PT Aura Vista Global,2025,12,2025-12-27,2025-12-27,All Day,All Day,1,1,0,Heritage Walking Tour & Visit,Gedung AA Maramis,Unspecified,-,Gedung AA Maramis (General / Kompleks),PT Aura Vista Global,Swasta & Korporasi Komersial,-,,,,,14828841,A.A. Maramis Events,132801dc58fc,2025-12-09T15:09:06+07:00,,https://teamup.com/ksmwq7sm1fck44ynrs
2015241382,(R. Majapahit) Kemenko Perekonomian - Rapat satgas p2sp tingkat eselon 1 dan menteri,Kemenko Perekonomian - Rapat satgas p2sp tingkat eselon 1 dan menteri,2026,1,2026-01-06,2026-01-06,All Day,All Day,1,1,0,"Official Meeting, Ceremony & Gala",Gedung Utama (Historical Halls),Unspecified,Ruang Majapahit,Gedung Utama (Historical Halls) (Ruang Majapahit),Kementerian Koordinator Bidang Perekonomian,Kementerian & Lembaga Negara,-,,,,,14828841,A.A. Maramis Events,a2195c635e5d,2025-12-30T17:12:37+07:00,2025-12-31T15:09:17+07:00,https://teamup.com/ksmwq7sm1fck44ynrs
2015801336,(R. Majapahit) Rapat Sesmenko & pejabat Es 2 Kemenko,Rapat Sesmenko & pejabat Es 2 Kemenko,2026,1,2026-01-08,2026-01-08,All Day,All Day,1,1,0,"Official Meeting, Ceremony & Gala",Gedung Utama (Historical Halls),Unspecified,Ruang Majapahit,Gedung Utama (Historical Halls) (Ruang Majapahit),Kementerian Koordinator Bidang Perekonomian,Kementerian & Lembaga Negara,-,,,,,14828841,A.A. Maramis Events,3336fac38332,2025-12-31T19:18:57+07:00,2025-12-31T19:20:15+07:00,https://teamup.com/ksmwq7sm1fck44ynrs
2019321867,Loading Kemenko,Loading Kemenko,2026,1,2026-01-09,2026-01-09,All Day,All Day,1,1,1,Loading & Technical Setup,Gedung AA Maramis,Unspecified,-,Gedung AA Maramis (General / Kompleks),Kementerian Koordinator Bidang Perekonomian,Kementerian & Lembaga Negara,-,,,,,14828841,A.A. Maramis Events,86cbebb3da1f,2026-01-07T09:24:33+07:00,,https://teamup.com/ksmwq7sm1fck44ynrs
2010336508,(C2) Natal Bersama Kemenko Perkonomian-PIC Eko,Natal Bersama Kemenko Perkonomian-PIC Eko,2026,1,2026-01-10,2026-01-10,All Day,All Day,1,1,0,"Official Meeting, Ceremony & Gala",Gedung C,Lantai 2,-,Gedung C Lantai 2,Kementerian Koordinator Bidang Perekonomian,Kementerian & Lembaga Negara,-,,,,,14828841,A.A. Maramis Events,2792d96366e9,2025-12-19T15:51:34+07:00,2026-01-02T11:32:45+07:00,https://teamup.com/ksmwq7sm1fck44ynrs
2020175846,Loading in acara Wamen,Loading in acara Wamen,2026,1,2026-01-18,2026-01-18,All Day,All Day,1,1,1,Loading & Technical Setup,Gedung AA Maramis,Unspecified,-,Gedung AA Maramis (General / Kompleks),Pimpinan Kementerian Keuangan RI,Kementerian Keuangan RI (Internal),-,,,,,14828841,A.A. Maramis Events,a61a1bcf9f01,2026-01-08T14:57:31+07:00,,https://teamup.com/ksmwq7sm1fck44ynrs
2019400713,Rapat Pertemuan Antar Deputi dengan Wamen,Rapat Pertemuan Antar Deputi dengan Wamen,2026,1,2026-01-19,2026-01-19,All Day,All Day,1,1,0,"Official Meeting, Ceremony & Gala",Gedung AA Maramis,Unspecified,-,Gedung AA Maramis (General / Kompleks),Pimpinan Kementerian Keuangan RI,Kementerian Keuangan RI (Internal),-,,,,,14828841,A.A. Maramis Events,6a775a6fb5a1,2026-01-07T13:08:54+07:00,,https://teamup.com/ksmwq7sm1fck44ynrs
2019390907,(A2) Photoshoot day and knight,Photoshoot day and knight,2026,1,2026-01-21,2026-01-21,All Day,All Day,1,1,0,Photoshoot & Fashion Show,Gedung A,Lantai 2,-,Gedung A Lantai 2,Day and Knight,Swasta & Brand Lifestyle,-,,,,,14828841,A.A. Maramis Events,5f28e1fabd85,2026-01-07T12:39:58+07:00,2026-01-07T12:50:38+07:00,https://teamup.com/ksmwq7sm1fck44ynrs
2027450448,Konferensi Pers OJK di Gedung C (siang),Konferensi Pers OJK di Gedung C (siang),2026,1,2026-01-21,2026-01-21,All Day,All Day,1,1,0,"Forum, Seminar & Workshop",Gedung C,Unspecified,-,Gedung C,Otoritas Jasa Keuangan (OJK),Kementerian & Lembaga Negara,-,,,,,14828841,A.A. Maramis Events,47083f99144c,2026-01-20T09:49:27+07:00,,https://teamup.com/ksmwq7sm1fck44ynrs
2016220632,Loading in & Gladi Resik Konser Gitanada,Loading in & Gladi Resik Konser Gitanada,2026,1,2026-01-24,2026-01-24,All Day,All Day,1,1,1,Loading & Technical Setup,Gedung AA Maramis,Unspecified,-,Gedung AA Maramis (General / Kompleks),Gitanada School of Music,Pendidikan & Seni Musik,-,,,,,14828841,A.A. Maramis Events,fd397077cfcc,2026-01-01T20:04:27+07:00,2026-01-02T10:39:48+07:00,https://teamup.com/ksmwq7sm1fck44ynrs
1990974468,(C2) Gitanada School of Music,Gitanada School of Music,2026,1,2026-01-25,2026-01-25,All Day,All Day,1,1,0,Concert & Music Performance,Gedung C,Lantai 2,-,Gedung C Lantai 2,Gitanada School of Music,Pendidikan & Seni Musik,-,,,,,14828841,A.A. Maramis Events,67118bf4636e,2025-11-17T18:11:44+07:00,2025-11-17T18:13:41+07:00,https://teamup.com/ksmwq7sm1fck44ynrs
2019452728,Loading syuting film rose,Loading syuting film rose,2026,1,2026-01-25,2026-01-25,All Day,All Day,1,1,1,Loading & Technical Setup,Gedung AA Maramis,Unspecified,-,Gedung AA Maramis (General / Kompleks),Produksi Film Rose Pandanwangi,Industri Kreatif & Perfilman,-,,,,,14828841,A.A. Maramis Events,80c13a7b0344,2026-01-07T15:34:34+07:00,,https://teamup.com/ksmwq7sm1fck44ynrs
2016218432,Syuting Film Rose,Syuting Film Rose,2026,1,2026-01-26,2026-01-28,All Day,All Day,3,1,0,Film & Media Production,Gedung AA Maramis,Unspecified,-,Gedung AA Maramis (General / Kompleks),Produksi Film Rose Pandanwangi,Industri Kreatif & Perfilman,-,,,,,14828841,A.A. Maramis Events,7397fe60c94f,2026-01-01T19:53:34+07:00,2026-01-01T19:53:50+07:00,https://teamup.com/ksmwq7sm1fck44ynrs
2022385878,Loadingout syuting film,Loadingout syuting film,2026,1,2026-01-29,2026-01-29,All Day,All Day,1,1,0,Film & Media Production,Gedung AA Maramis,Unspecified,-,Gedung AA Maramis (General / Kompleks),Mitra Eksternal / Penyelenggara Umum,Lainnya / Eksternal,-,,,,,14828841,A.A. Maramis Events,b56ce0400704,2026-01-12T12:21:07+07:00,,https://teamup.com/ksmwq7sm1fck44ynrs
2033227853,Kegiatan Prospera - Sekretariat DJKN,Kegiatan Prospera - Sekretariat DJKN,2026,1,2026-01-29,2026-01-29,All Day,All Day,1,1,0,"Forum, Seminar & Workshop",Gedung A,Unspecified,-,Gedung A,Direktorat Jenderal Kekayaan Negara (DJKN),Kementerian Keuangan RI (Internal),-,,,Gedung A,Bagian SDM DJKN,14828841,A.A. Maramis Events,be042e0dce82,2026-01-29T13:03:53+07:00,2026-01-29T13:05:35+07:00,https://teamup.com/ksmwq7sm1fck44ynrs
2032497488,(Gd. A) Syuting Film Rose Pandanwangi,Syuting Film Rose Pandanwangi,2026,1,2026-01-30,2026-01-30,All Day,All Day,1,1,0,Film & Media Production,Gedung A,Unspecified,-,Gedung A,Produksi Film Rose Pandanwangi,Industri Kreatif & Perfilman,-,,,,,14828841,A.A. Maramis Events,602936179692,2026-01-28T11:54:45+07:00,,https://teamup.com/ksmwq7sm1fck44ynrs
2033228962,Photoshoot Pejabat DJKN,Photoshoot Pejabat DJKN,2026,1,2026-01-30,2026-01-30,08:00:00,12:00:00,1,0,0,Photoshoot & Fashion Show,Gedung C,Unspecified,-,Gedung C,Direktorat Jenderal Kekayaan Negara (DJKN),Kementerian Keuangan RI (Internal),-,,,Gedung C,Humas DJKN,14828841,A.A. Maramis Events,27b3f3173a26,2026-01-29T13:05:04+07:00,,https://teamup.com/ksmwq7sm1fck44ynrs
2010247063,R. Majapahit & R. Kutai (Biro Advokasi Kemenkeu),R. Majapahit & R. Kutai (Biro Advokasi Kemenkeu),2026,1,2026-01-30,2026-01-30,09:00:00,17:00:00,1,0,0,Corporate & Institutional Event,Gedung Utama (Historical Halls),Unspecified,"Ruang Majapahit, Ruang Kutai","Gedung Utama (Historical Halls) (Ruang Majapahit, Ruang Kutai)",Biro Advokasi & Hukum Kemenkeu,Kementerian Keuangan RI (Internal),-,,,,,14828841,A.A. Maramis Events,d79df23c4663,2025-12-19T12:06:17+07:00,2026-01-28T13:39:30+07:00,https://teamup.com/ksmwq7sm1fck44ynrs
2012856609,(R. Bone) Gitanada School of music,Gitanada School of music,2026,2,2026-02-01,2026-02-01,All Day,All Day,1,1,0,Concert & Music Performance,Gedung Utama (Historical Halls),Unspecified,Ruang Bone,Gedung Utama (Historical Halls) (Ruang Bone),Gitanada School of Music,Pendidikan & Seni Musik,-,,,,,14828841,A.A. Maramis Events,c5eba69722a2,2025-12-24T17:26:15+07:00,2026-01-27T10:30:37+07:00,https://teamup.com/ksmwq7sm1fck44ynrs
2034033274,Loading in acara OJK,Loading in acara OJK,2026,2,2026-02-02,2026-02-02,All Day,All Day,1,1,1,Loading & Technical Setup,Gedung AA Maramis,Unspecified,-,Gedung AA Maramis (General / Kompleks),Otoritas Jasa Keuangan (OJK),Kementerian & Lembaga Negara,-,,,,,14828841,A.A. Maramis Events,c5a3843c55a2,2026-01-30T17:00:02+07:00,2026-01-30T17:00:12+07:00,https://teamup.com/ksmwq7sm1fck44ynrs
2026974889,Agenda OJK,Agenda OJK,2026,2,2026-02-03,2026-02-03,All Day,All Day,1,1,0,"Official Meeting, Ceremony & Gala",Gedung AA Maramis,Unspecified,-,Gedung AA Maramis (General / Kompleks),Otoritas Jasa Keuangan (OJK),Kementerian & Lembaga Negara,-,,,,,14828841,A.A. Maramis Events,8cf46867ada4,2026-01-19T18:24:44+07:00,,https://teamup.com/ksmwq7sm1fck44ynrs
2036241255,Kemenko,Kemenko,2026,2,2026-02-04,2026-02-04,All Day,All Day,1,1,0,Corporate & Institutional Event,Gedung AA Maramis,Unspecified,-,Gedung AA Maramis (General / Kompleks),Kementerian Koordinator Bidang Perekonomian,Kementerian & Lembaga Negara,-,,,,,14828841,A.A. Maramis Events,444d6f0c6aa4,2026-02-03T17:40:37+07:00,,https://teamup.com/ksmwq7sm1fck44ynrs
2010337649,"Walking Tour by Eat, Chat, Walk","Walking Tour by Eat, Chat, Walk",2026,2,2026-02-07,2026-02-07,All Day,All Day,1,1,0,Heritage Walking Tour & Visit,Gedung AA Maramis,Unspecified,-,Gedung AA Maramis (General / Kompleks),"Eat, Chat, Walk (ECW)",Komunitas & Heritage Tour,-,,,,,14828841,A.A. Maramis Events,4306192bc2cd,2025-12-19T15:52:45+07:00,,https://teamup.com/ksmwq7sm1fck44ynrs
2038115961,BaTii (R. Majapahit),BaTii (R. Majapahit),2026,2,2026-02-10,2026-02-10,07:00:00,12:00:00,1,0,0,Corporate & Institutional Event,Gedung Utama (Historical Halls),Unspecified,Ruang Majapahit,Gedung Utama (Historical Halls) (Ruang Majapahit),Mitra Eksternal / Penyelenggara Umum,Lainnya / Eksternal,-,,,,,14828841,A.A. Maramis Events,f1c86dbb729d,2026-02-06T09:18:42+07:00,2026-02-06T16:00:41+07:00,https://teamup.com/ksmwq7sm1fck44ynrs
2039565990,Loading acara FGD stafsus,Loading acara FGD stafsus,2026,2,2026-02-11,2026-02-11,All Day,All Day,1,1,1,Loading & Technical Setup,Gedung AA Maramis,Unspecified,-,Gedung AA Maramis (General / Kompleks),Mitra Eksternal / Penyelenggara Umum,Lainnya / Eksternal,-,,,,,14828841,A.A. Maramis Events,9b9862dec0c1,2026-02-09T14:00:48+07:00,,https://teamup.com/ksmwq7sm1fck44ynrs
2038140158,(Stafsus MK) FGD Sinkronisasi Kebijakan Industri Baja bersama Kemenperin & Kemendag,FGD Sinkronisasi Kebijakan Industri Baja bersama Kemenperin & Kemendag,2026,2,2026-02-12,2026-02-12,All Day,All Day,1,1,0,"Forum, Seminar & Workshop",Gedung AA Maramis,Unspecified,-,Gedung AA Maramis (General / Kompleks),Pimpinan Kementerian Keuangan RI,Kementerian Keuangan RI (Internal),-,,,,,14828841,A.A. Maramis Events,917774dbcf13,2026-02-06T11:04:26+07:00,,https://teamup.com/ksmwq7sm1fck44ynrs
2038136219,Loading dan check sound Gitanada,Loading dan check sound Gitanada,2026,2,2026-02-13,2026-02-13,14:00:00,16:00:00,1,0,1,Loading & Technical Setup,Gedung AA Maramis,Unspecified,-,Gedung AA Maramis (General / Kompleks),Gitanada School of Music,Pendidikan & Seni Musik,-,,,,,14828841,A.A. Maramis Events,1d4988903369,2026-02-06T10:50:03+07:00,2026-02-12T18:20:13+07:00,https://teamup.com/ksmwq7sm1fck44ynrs
2012856694,(R. Bone) Gitanada School of music,Gitanada School of music,2026,2,2026-02-14,2026-02-14,All Day,All Day,1,1,0,Concert & Music Performance,Gedung Utama (Historical Halls),Unspecified,Ruang Bone,Gedung Utama (Historical Halls) (Ruang Bone),Gitanada School of Music,Pendidikan & Seni Musik,-,,,,,14828841,A.A. Maramis Events,1c280b186758,2025-12-24T17:27:08+07:00,2026-01-27T10:30:57+07:00,https://teamup.com/ksmwq7sm1fck44ynrs
2020811092,Walking tour wisata kreatif jakarta,Walking tour wisata kreatif jakarta,2026,2,2026-02-14,2026-02-14,09:00:00,12:00:00,1,0,0,Heritage Walking Tour & Visit,Gedung AA Maramis,Unspecified,-,Gedung AA Maramis (General / Kompleks),Wisata Kreatif Jakarta,Komunitas & Heritage Tour,-,,,,,14828841,A.A. Maramis Events,8e5b0b4c6dea,2026-01-09T07:49:31+07:00,,https://teamup.com/ksmwq7sm1fck44ynrs
2048110276,Walking tour Dirjen Perben,Walking tour Dirjen Perben,2026,3,2026-03-04,2026-03-04,All Day,All Day,1,1,0,Heritage Walking Tour & Visit,Gedung AA Maramis,Unspecified,-,Gedung AA Maramis (General / Kompleks),Direktorat Jenderal Perbendaharaan (DJPb),Kementerian Keuangan RI (Internal),-,,,,,14828841,A.A. Maramis Events,3a5393ff63f6,2026-02-23T19:12:41+07:00,,https://teamup.com/ksmwq7sm1fck44ynrs
2068340945,Loading,Loading,2026,3,2026-03-31,2026-03-31,All Day,All Day,1,1,1,Loading & Technical Setup,Gedung AA Maramis,Unspecified,-,Gedung AA Maramis (General / Kompleks),Mitra Eksternal / Penyelenggara Umum,Lainnya / Eksternal,-,,,,,14828841,A.A. Maramis Events,e902eeec600b,2026-03-27T16:13:43+07:00,,https://teamup.com/ksmwq7sm1fck44ynrs
2050077282,Malam apresiasi mitra jasa konsultasi (LMAN),Malam apresiasi mitra jasa konsultasi (LMAN),2026,4,2026-04-01,2026-04-01,All Day,All Day,1,1,0,"Official Meeting, Ceremony & Gala",Gedung AA Maramis,Unspecified,-,Gedung AA Maramis (General / Kompleks),Lembaga Manajemen Aset Negara (LMAN),Kementerian Keuangan RI (Internal),-,,,,,14828841,A.A. Maramis Events,3b49cbd6bcbd,2026-02-26T09:06:03+07:00,2026-02-26T09:22:49+07:00,https://teamup.com/ksmwq7sm1fck44ynrs
2061068277,Loading acara OJK,Loading acara OJK,2026,4,2026-04-06,2026-04-06,All Day,All Day,1,1,1,Loading & Technical Setup,Gedung AA Maramis,Unspecified,-,Gedung AA Maramis (General / Kompleks),Otoritas Jasa Keuangan (OJK),Kementerian & Lembaga Negara,-,,,,,14828841,A.A. Maramis Events,1606c285ebb2,2026-03-16T10:49:51+07:00,,https://teamup.com/ksmwq7sm1fck44ynrs
2049449091,OJK - Forum GRC Road to RGS 2026 : Halal Bihalal bersama Aspsiasi Profesi GRC,OJK - Forum GRC Road to RGS 2026 : Halal Bihalal bersama Aspsiasi Profesi GRC,2026,4,2026-04-07,2026-04-07,All Day,All Day,1,1,0,"Forum, Seminar & Workshop",Gedung AA Maramis,Unspecified,-,Gedung AA Maramis (General / Kompleks),Otoritas Jasa Keuangan (OJK),Kementerian & Lembaga Negara,-,,,,,14828841,A.A. Maramis Events,7a02f5f9153c,2026-02-25T12:33:08+07:00,2026-03-16T10:49:39+07:00,https://teamup.com/ksmwq7sm1fck44ynrs
2077539065,Loading Barang Ujian Sertifikasi di Gedung A,Loading Barang Ujian Sertifikasi di Gedung A,2026,4,2026-04-13,2026-04-13,All Day,All Day,1,1,1,Loading & Technical Setup,Gedung A,Unspecified,-,Gedung A,Mitra Eksternal / Penyelenggara Umum,Lainnya / Eksternal,-,,,,,14828841,A.A. Maramis Events,6bb691b399a1,2026-04-13T09:23:30+07:00,,https://teamup.com/ksmwq7sm1fck44ynrs
2075641433,Sesi Foto Ibu-Ibu Pejabat Eselon 1 & 2 Kemenkeu,Sesi Foto Ibu-Ibu Pejabat Eselon 1 & 2 Kemenkeu,2026,4,2026-04-14,2026-04-14,All Day,All Day,1,1,0,Photoshoot & Fashion Show,Gedung AA Maramis,Unspecified,-,Gedung AA Maramis (General / Kompleks),Sekretariat Jenderal Kemenkeu,Kementerian Keuangan RI (Internal),-,,,,,14828841,A.A. Maramis Events,6d3ab5407ffb,2026-04-09T13:37:38+07:00,2026-04-09T13:37:44+07:00,https://teamup.com/ksmwq7sm1fck44ynrs
2074916659,Ujian Sertifikasi Konsultan Pajak (DJKN) - Gd. A,Ujian Sertifikasi Konsultan Pajak (DJKN) - Gd. A,2026,4,2026-04-14,2026-04-16,All Day,All Day,3,1,0,"Forum, Seminar & Workshop",Gedung A,Unspecified,-,Gedung A,Direktorat Jenderal Kekayaan Negara (DJKN),Kementerian Keuangan RI (Internal),-,,,,,14828841,A.A. Maramis Events,69d5e76f1fdd,2026-04-08T11:21:48+07:00,2026-04-08T11:22:05+07:00,https://teamup.com/ksmwq7sm1fck44ynrs
2075732247,Sekretariat DJKN (gd C),Sekretariat DJKN (gd C),2026,4,2026-04-15,2026-04-15,All Day,All Day,1,1,0,Corporate & Institutional Event,Gedung C,Unspecified,-,Gedung C,Direktorat Jenderal Kekayaan Negara (DJKN),Kementerian Keuangan RI (Internal),-,,,,,14828841,A.A. Maramis Events,38a1b5caa2de,2026-04-09T16:22:03+07:00,,https://teamup.com/ksmwq7sm1fck44ynrs
2073585296,Loading Rapimtas DJKN,Loading Rapimtas DJKN,2026,4,2026-04-19,2026-04-19,All Day,All Day,1,1,1,Loading & Technical Setup,Gedung AA Maramis,Unspecified,-,Gedung AA Maramis (General / Kompleks),Direktorat Jenderal Kekayaan Negara (DJKN),Kementerian Keuangan RI (Internal),-,,,,,14828841,A.A. Maramis Events,af79e1bc5508,2026-04-06T11:05:20+07:00,2026-04-10T14:37:25+07:00,https://teamup.com/ksmwq7sm1fck44ynrs
2071729964,Rapimtas DJKN,Rapimtas DJKN,2026,4,2026-04-20,2026-04-20,All Day,All Day,1,1,0,"Official Meeting, Ceremony & Gala",Gedung AA Maramis,Unspecified,-,Gedung AA Maramis (General / Kompleks),Direktorat Jenderal Kekayaan Negara (DJKN),Kementerian Keuangan RI (Internal),-,,,,,14828841,A.A. Maramis Events,4a9aa9078d16,2026-04-02T09:39:21+07:00,2026-04-10T14:37:41+07:00,https://teamup.com/ksmwq7sm1fck44ynrs
2053283946,Loading Frank & Co,Loading Frank & Co,2026,4,2026-04-21,2026-04-22,All Day,All Day,2,1,1,Loading & Technical Setup,Gedung AA Maramis,Unspecified,-,Gedung AA Maramis (General / Kompleks),Frank & Co. (PT Central Mega Kencana),Swasta & Korporasi Komersial,-,,,,,14828841,A.A. Maramis Events,78480aee470a,2026-03-03T17:55:55+07:00,,https://teamup.com/ksmwq7sm1fck44ynrs
2050890959,Anniversary Frank n Co (Gd. C),Anniversary Frank n Co (Gd. C),2026,4,2026-04-23,2026-04-26,All Day,All Day,4,1,0,"Official Meeting, Ceremony & Gala",Gedung C,Lantai 1 & 2,-,Gedung C Lantai 1 & 2,Frank & Co. (PT Central Mega Kencana),Swasta & Korporasi Komersial,-,,,Gd. C lantai 1 & 2,,14828841,A.A. Maramis Events,dd4f0cbdc3e8,2026-02-27T12:27:42+07:00,2026-03-03T17:23:47+07:00,https://teamup.com/ksmwq7sm1fck44ynrs
2085952221,Loading,Loading,2026,5,2026-05-04,2026-05-04,All Day,All Day,1,1,1,Loading & Technical Setup,Gedung AA Maramis,Unspecified,-,Gedung AA Maramis (General / Kompleks),Mitra Eksternal / Penyelenggara Umum,Lainnya / Eksternal,-,,,,,14828841,A.A. Maramis Events,e04c0f73824d,2026-04-27T17:02:24+07:00,,https://teamup.com/ksmwq7sm1fck44ynrs
2088018670,Agenda Kemenko Perekonomian (Gd. C),Agenda Kemenko Perekonomian (Gd. C),2026,5,2026-05-05,2026-05-05,All Day,All Day,1,1,0,"Official Meeting, Ceremony & Gala",Gedung C,Unspecified,-,Gedung C,Kementerian Koordinator Bidang Perekonomian,Kementerian & Lembaga Negara,-,,,,,14828841,A.A. Maramis Events,abe30da6b8c8,2026-04-30T14:36:34+07:00,,https://teamup.com/ksmwq7sm1fck44ynrs
2092168206,Loading piano gitanada,Loading piano gitanada,2026,5,2026-05-09,2026-05-09,All Day,All Day,1,1,1,Loading & Technical Setup,Gedung AA Maramis,Unspecified,-,Gedung AA Maramis (General / Kompleks),Gitanada School of Music,Pendidikan & Seni Musik,-,,,,,14828841,A.A. Maramis Events,6eab0c385eee,2026-05-07T16:09:33+07:00,2026-05-07T16:09:40+07:00,https://teamup.com/ksmwq7sm1fck44ynrs
2077517469,Gitanada (R. Bone),Gitanada (R. Bone),2026,5,2026-05-10,2026-05-10,All Day,All Day,1,1,0,Concert & Music Performance,Gedung Utama (Historical Halls),Unspecified,Ruang Bone,Gedung Utama (Historical Halls) (Ruang Bone),Gitanada School of Music,Pendidikan & Seni Musik,-,,,,,14828841,A.A. Maramis Events,6e1671fcea46,2026-04-13T07:48:00+07:00,2026-05-07T16:09:17+07:00,https://teamup.com/ksmwq7sm1fck44ynrs
2083781808,Loading,Loading,2026,5,2026-05-19,2026-05-19,All Day,All Day,1,1,1,Loading & Technical Setup,Gedung AA Maramis,Unspecified,-,Gedung AA Maramis (General / Kompleks),Mitra Eksternal / Penyelenggara Umum,Lainnya / Eksternal,-,,,,,14828841,A.A. Maramis Events,b1403d73cbeb,2026-04-23T09:25:05+07:00,,https://teamup.com/ksmwq7sm1fck44ynrs
2092812807,IHT Sekretariat DJKN (Gd. A),IHT Sekretariat DJKN (Gd. A),2026,5,2026-05-19,2026-05-21,All Day,All Day,3,1,0,"Forum, Seminar & Workshop",Gedung A,Unspecified,-,Gedung A,Direktorat Jenderal Kekayaan Negara (DJKN),Kementerian Keuangan RI (Internal),-,,,,,14828841,A.A. Maramis Events,6a1504fe7f8f,2026-05-08T15:55:41+07:00,,https://teamup.com/ksmwq7sm1fck44ynrs
2083781795,ICRAF Indonesia (R. Majapahit),ICRAF Indonesia (R. Majapahit),2026,5,2026-05-20,2026-05-20,All Day,All Day,1,1,0,Corporate & Institutional Event,Gedung Utama (Historical Halls),Unspecified,Ruang Majapahit,Gedung Utama (Historical Halls) (Ruang Majapahit),ICRAF Indonesia (World Agroforestry),Lembaga Riset / Internasional,-,,,,,14828841,A.A. Maramis Events,45b4419caf3a,2026-04-23T09:24:55+07:00,2026-04-30T11:53:42+07:00,https://teamup.com/ksmwq7sm1fck44ynrs
2086696828,Photoshoot Claude (Gd A),Photoshoot Claude (Gd A),2026,5,2026-05-22,2026-05-22,All Day,All Day,1,1,0,Photoshoot & Fashion Show,Gedung A,Unspecified,-,Gedung A,Claude Indonesia,Swasta & Brand Lifestyle,-,,,,,14828841,A.A. Maramis Events,e94907bfb1b9,2026-04-28T17:09:09+07:00,2026-05-04T17:55:19+07:00,https://teamup.com/ksmwq7sm1fck44ynrs
2041080434,Walking tour ECW (pagi),Walking tour ECW (pagi),2026,5,2026-05-23,2026-05-23,All Day,All Day,1,1,0,Heritage Walking Tour & Visit,Gedung AA Maramis,Unspecified,-,Gedung AA Maramis (General / Kompleks),"Eat, Chat, Walk (ECW)",Komunitas & Heritage Tour,-,,,,,14828841,A.A. Maramis Events,4d42fd41fc28,2026-02-11T16:49:18+07:00,2026-05-07T16:10:14+07:00,https://teamup.com/ksmwq7sm1fck44ynrs
2093290560,Acara Peradi (C2),Acara Peradi (C2),2026,5,2026-05-25,2026-05-25,All Day,All Day,1,1,0,Corporate & Institutional Event,Gedung C,Lantai 2,-,Gedung C Lantai 2,PERADI (Perhimpunan Advokat Indonesia),Swasta & Organisasi Profesi,-,,,,,14828841,A.A. Maramis Events,d3cfdc580a66,2026-05-09T10:07:25+07:00,2026-05-12T19:46:50+07:00,https://teamup.com/ksmwq7sm1fck44ynrs
2101212075,Photoshoot Kakena (A2.3),Photoshoot Kakena (A2.3),2026,6,2026-06-01,2026-06-01,All Day,All Day,1,1,0,Photoshoot & Fashion Show,Gedung A,Lantai 2,A.2.3,Gedung A Lantai 2 (A.2.3),Mitra Eksternal / Penyelenggara Umum,Lainnya / Eksternal,-,,,,,14828841,A.A. Maramis Events,f9713e529caf,2026-05-22T15:40:03+07:00,,https://teamup.com/ksmwq7sm1fck44ynrs
2109214564,Pengambilan footage maramis,Pengambilan footage maramis,2026,6,2026-06-15,2026-06-15,All Day,All Day,1,1,0,Film & Media Production,Gedung AA Maramis,Unspecified,-,Gedung AA Maramis (General / Kompleks),Mitra Eksternal / Penyelenggara Umum,Lainnya / Eksternal,-,,,,,14828841,A.A. Maramis Events,40c41a74b37b,2026-06-05T11:03:25+07:00,,https://teamup.com/ksmwq7sm1fck44ynrs
2107311524,Loading HUT DKU Jakarta,Loading HUT DKU Jakarta,2026,6,2026-06-21,2026-06-21,All Day,All Day,1,1,1,Loading & Technical Setup,Gedung AA Maramis,Unspecified,-,Gedung AA Maramis (General / Kompleks),Mitra Eksternal / Penyelenggara Umum,Lainnya / Eksternal,-,,,,,14828841,A.A. Maramis Events,6ef7d61fd2f6,2026-06-02T16:19:11+07:00,,https://teamup.com/ksmwq7sm1fck44ynrs
2107311275,HUT DKI Jakarta,HUT DKI Jakarta,2026,6,2026-06-22,2026-06-22,All Day,All Day,1,1,0,Corporate & Institutional Event,Gedung AA Maramis,Unspecified,-,Gedung AA Maramis (General / Kompleks),Pemerintah Provinsi DKI Jakarta,Kementerian & Lembaga Negara,-,,,,,14828841,A.A. Maramis Events,bc76bcf3d3f9,2026-06-02T16:18:22+07:00,2026-06-09T17:29:48+07:00,https://teamup.com/ksmwq7sm1fck44ynrs
2092137625,Loading Acara Lelang,Loading Acara Lelang,2026,6,2026-06-24,2026-06-24,All Day,All Day,1,1,1,Loading & Technical Setup,Gedung AA Maramis,Unspecified,-,Gedung AA Maramis (General / Kompleks),Mitra Eksternal / Penyelenggara Umum,Lainnya / Eksternal,-,,,,,14828841,A.A. Maramis Events,5e047ecefacf,2026-05-07T15:00:43+07:00,,https://teamup.com/ksmwq7sm1fck44ynrs
2091495752,Pameran dan Lelang Lukisan - Dit. Lelang DJKN,Pameran dan Lelang Lukisan - Dit. Lelang DJKN,2026,6,2026-06-25,2026-06-27,All Day,All Day,3,1,0,"Exhibition, Bazaar & Festival",Gedung C,Lantai 2,-,Gedung C Lantai 2,Direktorat Jenderal Kekayaan Negara (DJKN),Kementerian Keuangan RI (Internal),-,,,Gd. C lantai 2,,14828841,A.A. Maramis Events,389431c77f7b,2026-05-06T16:48:02+07:00,2026-05-07T17:45:24+07:00,https://teamup.com/ksmwq7sm1fck44ynrs
2118842664,Photoshot Klamby (Gd. C),Photoshot Klamby (Gd. C),2026,6,2026-06-30,2026-06-30,All Day,All Day,1,1,0,Photoshoot & Fashion Show,Gedung C,Unspecified,-,Gedung C,Wearing Klamby,Swasta & Brand Lifestyle,-,,,,,14828841,A.A. Maramis Events,346e599ac768,2026-06-22T14:43:54+07:00,,https://teamup.com/ksmwq7sm1fck44ynrs
2123479801,Rapat Wamenkeu (R. Sriwijaya),Rapat Wamenkeu (R. Sriwijaya),2026,7,2026-07-01,2026-07-01,All Day,All Day,1,1,0,"Official Meeting, Ceremony & Gala",Gedung Utama (Historical Halls),Unspecified,Ruang Sriwijaya,Gedung Utama (Historical Halls) (Ruang Sriwijaya),Pimpinan Kementerian Keuangan RI,Kementerian Keuangan RI (Internal),-,,,,,14828841,A.A. Maramis Events,467fa89bd694,2026-06-30T09:16:14+07:00,,https://teamup.com/ksmwq7sm1fck44ynrs
2111461763,ECW,ECW,2026,7,2026-07-04,2026-07-04,All Day,All Day,1,1,0,Heritage Walking Tour & Visit,Gedung AA Maramis,Unspecified,-,Gedung AA Maramis (General / Kompleks),"Eat, Chat, Walk (ECW)",Komunitas & Heritage Tour,-,,,,,14828841,A.A. Maramis Events,4ed700b81eb5,2026-06-09T17:25:38+07:00,,https://teamup.com/ksmwq7sm1fck44ynrs
2111935088,Agenda Wamenkeu Suahasil,Agenda Wamenkeu Suahasil,2026,7,2026-07-07,2026-07-07,All Day,All Day,1,1,0,"Official Meeting, Ceremony & Gala",Gedung AA Maramis,Unspecified,-,Gedung AA Maramis (General / Kompleks),Pimpinan Kementerian Keuangan RI,Kementerian Keuangan RI (Internal),-,,,,,14828841,A.A. Maramis Events,190655f4afe1,2026-06-10T09:48:37+07:00,,https://teamup.com/ksmwq7sm1fck44ynrs
2127544866,Pelatihan K3 Sekretariat DJKN (A3),Pelatihan K3 Sekretariat DJKN (A3),2026,7,2026-07-07,2026-07-09,All Day,All Day,3,1,0,"Forum, Seminar & Workshop",Gedung A,Lantai 3,-,Gedung A Lantai 3,Direktorat Jenderal Kekayaan Negara (DJKN),Kementerian Keuangan RI (Internal),-,,,,,14828841,A.A. Maramis Events,b47f637f8b89,2026-07-07T14:16:26+07:00,2026-07-07T14:17:04+07:00,https://teamup.com/ksmwq7sm1fck44ynrs
2125485354,Fiscal Heritage Explorer Biro KLI (A2 & C1),Fiscal Heritage Explorer Biro KLI (A2 & C1),2026,7,2026-07-08,2026-07-08,All Day,All Day,1,1,0,Heritage Walking Tour & Visit,Gedung A & Gedung C,Lantai 2,-,Gedung A & Gedung C Lantai 2,Biro Komunikasi dan Layanan Informasi (KLI Kemenkeu),Kementerian Keuangan RI (Internal),-,,,,,14828841,A.A. Maramis Events,a72b9bc52d1a,2026-07-03T09:37:29+07:00,2026-07-03T09:45:10+07:00,https://teamup.com/ksmwq7sm1fck44ynrs
2124169720,Loading OJK,Loading OJK,2026,7,2026-07-09,2026-07-09,All Day,All Day,1,1,1,Loading & Technical Setup,Gedung AA Maramis,Unspecified,-,Gedung AA Maramis (General / Kompleks),Otoritas Jasa Keuangan (OJK),Kementerian & Lembaga Negara,-,,,,,14828841,A.A. Maramis Events,b7891d393a1d,2026-07-01T09:19:30+07:00,,https://teamup.com/ksmwq7sm1fck44ynrs
2124169706,OJK,OJK,2026,7,2026-07-10,2026-07-10,All Day,All Day,1,1,0,Corporate & Institutional Event,Gedung AA Maramis,Unspecified,-,Gedung AA Maramis (General / Kompleks),Otoritas Jasa Keuangan (OJK),Kementerian & Lembaga Negara,-,,,,,14828841,A.A. Maramis Events,cfc8c14b3323,2026-07-01T09:19:18+07:00,,https://teamup.com/ksmwq7sm1fck44ynrs
2130733559,Agenda MK,Agenda MK,2026,7,2026-07-14,2026-07-14,All Day,All Day,1,1,0,"Official Meeting, Ceremony & Gala",Gedung AA Maramis,Unspecified,-,Gedung AA Maramis (General / Kompleks),Mahkamah Konstitusi RI,Kementerian & Lembaga Negara,-,,,,,14828841,A.A. Maramis Events,7e37dae37f67,2026-07-13T13:03:50+07:00,,https://teamup.com/ksmwq7sm1fck44ynrs
2090578841,Loading fashion show,Loading fashion show,2026,7,2026-07-15,2026-07-15,All Day,All Day,1,1,1,Loading & Technical Setup,Gedung AA Maramis,Unspecified,-,Gedung AA Maramis (General / Kompleks),Mitra Eksternal / Penyelenggara Umum,Lainnya / Eksternal,-,,,,,14828841,A.A. Maramis Events,da779cccbb02,2026-05-05T12:30:39+07:00,2026-05-05T15:16:35+07:00,https://teamup.com/ksmwq7sm1fck44ynrs
2130800690,FGD Risiko Iklim - DJKN (C2),FGD Risiko Iklim - DJKN (C2),2026,7,2026-07-15,2026-07-15,All Day,All Day,1,1,0,"Forum, Seminar & Workshop",Gedung C,Lantai 2,-,Gedung C Lantai 2,Direktorat Jenderal Kekayaan Negara (DJKN),Kementerian Keuangan RI (Internal),-,,,,,14828841,A.A. Maramis Events,03f492bfcc82,2026-07-13T15:10:16+07:00,,https://teamup.com/ksmwq7sm1fck44ynrs
2087952712,Fashion show Love Bonito (GD C1),Fashion show Love Bonito (GD C1),2026,7,2026-07-16,2026-07-16,All Day,All Day,1,1,0,Photoshoot & Fashion Show,Gedung C,Lantai 1,-,Gedung C Lantai 1,"Love, Bonito",Swasta & Brand Lifestyle,-,,,,,14828841,A.A. Maramis Events,ddcc2f85bfe4,2026-04-30T11:31:31+07:00,,https://teamup.com/ksmwq7sm1fck44ynrs
2129600357,Loading Rapimtas DJKN (Gd. C),Loading Rapimtas DJKN (Gd. C),2026,7,2026-07-19,2026-07-19,All Day,All Day,1,1,1,Loading & Technical Setup,Gedung C,Unspecified,-,Gedung C,Direktorat Jenderal Kekayaan Negara (DJKN),Kementerian Keuangan RI (Internal),-,,,,,14828841,A.A. Maramis Events,65848d8f4233,2026-07-10T18:43:33+07:00,,https://teamup.com/ksmwq7sm1fck44ynrs
2129599857,Rapimtas DJKN (Gd. C),Rapimtas DJKN (Gd. C),2026,7,2026-07-20,2026-07-20,All Day,All Day,1,1,0,"Official Meeting, Ceremony & Gala",Gedung C,Unspecified,-,Gedung C,Direktorat Jenderal Kekayaan Negara (DJKN),Kementerian Keuangan RI (Internal),-,,,,,14828841,A.A. Maramis Events,185daef1267c,2026-07-10T18:42:54+07:00,2026-07-10T18:43:09+07:00,https://teamup.com/ksmwq7sm1fck44ynrs
2126050568,ECW,ECW,2026,7,2026-07-25,2026-07-25,All Day,All Day,1,1,0,Heritage Walking Tour & Visit,Gedung AA Maramis,Unspecified,-,Gedung AA Maramis (General / Kompleks),"Eat, Chat, Walk (ECW)",Komunitas & Heritage Tour,-,,,,,14828841,A.A. Maramis Events,7165bbe025d5,2026-07-04T11:55:17+07:00,,https://teamup.com/ksmwq7sm1fck44ynrs
2137553470,Transfer Knowledge dan Ujicoba Pengembangan Modul CoreAPBN - DJKN (Gd. A2),Transfer Knowledge dan Ujicoba Pengembangan Modul CoreAPBN - DJKN (Gd. A2),2026,7,2026-07-28,2026-07-30,All Day,All Day,3,1,0,"Forum, Seminar & Workshop",Gedung A,Lantai 2,-,Gedung A Lantai 2,Direktorat Jenderal Kekayaan Negara (DJKN),Kementerian Keuangan RI (Internal),-,,,,,14828841,A.A. Maramis Events,f956f8f3f378,2026-07-24T09:21:21+07:00,2026-07-24T09:21:38+07:00,https://teamup.com/ksmwq7sm1fck44ynrs
2141030302,Photoshoot Issa Group (Gd. C2.13),Photoshoot Issa Group (Gd. C2.13),2026,7,2026-07-30,2026-07-30,All Day,All Day,1,1,0,Photoshoot & Fashion Show,Gedung C,Lantai 2,C.2.13,Gedung C Lantai 2 (C.2.13),Issa Group,Swasta & Korporasi Komersial,-,,,,,14828841,A.A. Maramis Events,f876abe2639e,2026-07-30T11:16:42+07:00,,https://teamup.com/ksmwq7sm1fck44ynrs
2129563118,Gitanada,Gitanada,2026,8,2026-08-02,2026-08-02,All Day,All Day,1,1,0,Concert & Music Performance,Gedung AA Maramis,Unspecified,-,Gedung AA Maramis (General / Kompleks),Gitanada School of Music,Pendidikan & Seni Musik,-,,,,,14828841,A.A. Maramis Events,60716590d92b,2026-07-10T17:13:22+07:00,,https://teamup.com/ksmwq7sm1fck44ynrs
2139665462,DJSPSK,DJSPSK,2026,8,2026-08-04,2026-08-04,All Day,All Day,1,1,0,Corporate & Institutional Event,Gedung AA Maramis,Unspecified,-,Gedung AA Maramis (General / Kompleks),DJSPSK Kemenkeu,Kementerian Keuangan RI (Internal),-,,,,,14828841,A.A. Maramis Events,47d2c59680eb,2026-07-28T11:33:31+07:00,,https://teamup.com/ksmwq7sm1fck44ynrs
2124189588,Loading,Loading,2026,8,2026-08-06,2026-08-06,All Day,All Day,1,1,1,Loading & Technical Setup,Gedung AA Maramis,Unspecified,-,Gedung AA Maramis (General / Kompleks),Mitra Eksternal / Penyelenggara Umum,Lainnya / Eksternal,-,,,,,14828841,A.A. Maramis Events,805104bf36cc,2026-07-01T09:56:43+07:00,,https://teamup.com/ksmwq7sm1fck44ynrs
2124189574,Acara Wamen Juda Agung (Gd C),Acara Wamen Juda Agung (Gd C),2026,8,2026-08-07,2026-08-07,All Day,All Day,1,1,0,Corporate & Institutional Event,Gedung C,Unspecified,-,Gedung C,Pimpinan Kementerian Keuangan RI,Kementerian Keuangan RI (Internal),-,,,,,14828841,A.A. Maramis Events,95a13bee4db7,2026-07-01T09:56:33+07:00,2026-07-01T09:56:56+07:00,https://teamup.com/ksmwq7sm1fck44ynrs
2077655557,Jamuan pimpinan HUT RI (C1 & C2),Jamuan pimpinan HUT RI (C1 & C2),2026,8,2026-08-17,2026-08-17,All Day,All Day,1,1,0,"Official Meeting, Ceremony & Gala",Gedung C,Lantai 1 & 2,-,Gedung C Lantai 1 & 2,Mitra Eksternal / Penyelenggara Umum,Lainnya / Eksternal,-,,,,,14828841,A.A. Maramis Events,c8d39328875e,2026-04-13T14:35:40+07:00,2026-08-04T11:22:32+07:00,https://teamup.com/ksmwq7sm1fck44ynrs
2144451826,Loading acara Kinetik,Loading acara Kinetik,2026,8,2026-08-18,2026-08-18,All Day,All Day,1,1,1,Loading & Technical Setup,Gedung AA Maramis,Unspecified,-,Gedung AA Maramis (General / Kompleks),Kinetik,Swasta & Korporasi Komersial,-,,,,,14828841,A.A. Maramis Events,2a60bd038050,2026-08-05T14:36:09+07:00,2026-08-05T15:15:15+07:00,https://teamup.com/ksmwq7sm1fck44ynrs
2147768175,Photoshoot Love & Flair (Gd. A lantai 2),Photoshoot Love & Flair (Gd. A lantai 2),2026,8,2026-08-18,2026-08-18,All Day,All Day,1,1,0,Photoshoot & Fashion Show,Gedung A,Lantai 2,-,Gedung A Lantai 2,Love & Flair,Swasta & Brand Lifestyle,-,,,,,14828841,A.A. Maramis Events,d589cd793e60,2026-08-11T14:41:17+07:00,,https://teamup.com/ksmwq7sm1fck44ynrs
2144451193,Acara Kinetik,Acara Kinetik,2026,8,2026-08-19,2026-08-19,All Day,All Day,1,1,0,Corporate & Institutional Event,Gedung AA Maramis,Unspecified,-,Gedung AA Maramis (General / Kompleks),Kinetik,Swasta & Korporasi Komersial,-,,,,,14828841,A.A. Maramis Events,12bbe0b04329,2026-08-05T14:35:04+07:00,,https://teamup.com/ksmwq7sm1fck44ynrs
2147251821,Office tour PKN Stan,Office tour PKN Stan,2026,8,2026-08-20,2026-08-20,All Day,All Day,1,1,0,Heritage Walking Tour & Visit,Gedung AA Maramis,Unspecified,-,Gedung AA Maramis (General / Kompleks),Politeknik Keuangan Negara STAN (PKN STAN),Kementerian Keuangan RI (Internal),-,,,,,14828841,A.A. Maramis Events,c1e2cc00d289,2026-08-10T19:10:56+07:00,,https://teamup.com/ksmwq7sm1fck44ynrs
2144393579,Gitanada,Gitanada,2026,8,2026-08-23,2026-08-23,All Day,All Day,1,1,0,Concert & Music Performance,Gedung AA Maramis,Unspecified,-,Gedung AA Maramis (General / Kompleks),Gitanada School of Music,Pendidikan & Seni Musik,-,,,,,14828841,A.A. Maramis Events,8bb036ac28d4,2026-08-05T12:00:53+07:00,2026-08-13T13:23:44+07:00,https://teamup.com/ksmwq7sm1fck44ynrs
2152289723,Entry Meeting DJPB bersama BPK (Bpk Herawan),Entry Meeting DJPB bersama BPK (Bpk Herawan),2026,8,2026-08-26,2026-08-26,All Day,All Day,1,1,0,"Official Meeting, Ceremony & Gala",Gedung AA Maramis,Unspecified,-,Gedung AA Maramis (General / Kompleks),Direktorat Jenderal Perbendaharaan (DJPb),Kementerian Keuangan RI (Internal),-,,,,,14828841,A.A. Maramis Events,80fd11ab1dfd,2026-08-19T08:33:26+07:00,,https://teamup.com/ksmwq7sm1fck44ynrs
2153041121,International seminar empowering women - biro sdm (up bu vivi),International seminar empowering women - biro sdm (up bu vivi),2026,8,2026-08-27,2026-08-27,All Day,All Day,1,1,0,"Forum, Seminar & Workshop",Gedung AA Maramis,Unspecified,-,Gedung AA Maramis (General / Kompleks),Biro Sumber Daya Manusia (SDM Kemenkeu),Kementerian Keuangan RI (Internal),bu vivi,,,,,14828841,A.A. Maramis Events,c151b577d7d6,2026-08-20T10:24:28+07:00,,https://teamup.com/ksmwq7sm1fck44ynrs
2094195899,Loading DJSPSK (Gd. C),Loading DJSPSK (Gd. C),2026,8,2026-08-31,2026-08-31,All Day,All Day,1,1,1,Loading & Technical Setup,Gedung C,Unspecified,-,Gedung C,DJSPSK Kemenkeu,Kementerian Keuangan RI (Internal),-,,,,,14828841,A.A. Maramis Events,bf788b055b6c,2026-05-11T15:22:11+07:00,2026-08-27T16:34:46+07:00,https://teamup.com/ksmwq7sm1fck44ynrs
2094187836,ASEAN Audit Regulators Group Inspection Workshop DJSPSK (all Gd C2),ASEAN Audit Regulators Group Inspection Workshop DJSPSK (all Gd C2),2026,9,2026-09-01,2026-09-03,All Day,All Day,3,1,0,"Forum, Seminar & Workshop",Gedung C,Lantai 2,-,Gedung C Lantai 2,DJSPSK Kemenkeu,Kementerian Keuangan RI (Internal),-,,,,,14828841,A.A. Maramis Events,dd064a8ca433,2026-05-11T15:06:55+07:00,,https://teamup.com/ksmwq7sm1fck44ynrs
2102380885,ECW walking tour,ECW walking tour,2026,9,2026-09-05,2026-09-05,All Day,All Day,1,1,0,Heritage Walking Tour & Visit,Gedung AA Maramis,Unspecified,-,Gedung AA Maramis (General / Kompleks),"Eat, Chat, Walk (ECW)",Komunitas & Heritage Tour,-,,,,,14828841,A.A. Maramis Events,86e876ffb433,2026-05-25T08:41:51+07:00,,https://teamup.com/ksmwq7sm1fck44ynrs
2156534010,Loading Forinves ID,Loading Forinves ID,2026,9,2026-09-07,2026-09-07,All Day,All Day,1,1,1,Loading & Technical Setup,Gedung AA Maramis,Unspecified,-,Gedung AA Maramis (General / Kompleks),Mitra Eksternal / Penyelenggara Umum,Lainnya / Eksternal,-,,,,,14828841,A.A. Maramis Events,9b41605ada13,2026-08-26T09:16:13+07:00,,https://teamup.com/ksmwq7sm1fck44ynrs
2156533993,Forinves ID (DJKN Gd.C),Forinves ID (DJKN Gd.C),2026,9,2026-09-08,2026-09-08,All Day,All Day,1,1,0,Corporate & Institutional Event,Gedung C,Unspecified,-,Gedung C,Direktorat Jenderal Kekayaan Negara (DJKN),Kementerian Keuangan RI (Internal),-,,,,,14828841,A.A. Maramis Events,e034a72c6c62,2026-08-26T09:16:02+07:00,,https://teamup.com/ksmwq7sm1fck44ynrs
2152307105,Loading,Loading,2026,9,2026-09-10,2026-09-10,All Day,All Day,1,1,1,Loading & Technical Setup,Gedung AA Maramis,Unspecified,-,Gedung AA Maramis (General / Kompleks),Mitra Eksternal / Penyelenggara Umum,Lainnya / Eksternal,-,,,,,14828841,A.A. Maramis Events,75d34c1f3e70,2026-08-19T09:34:30+07:00,2026-08-26T09:39:54+07:00,https://teamup.com/ksmwq7sm1fck44ynrs
2156540469,LPEI (up. Mas Bayu),LPEI (up. Mas Bayu),2026,9,2026-09-11,2026-09-11,All Day,All Day,1,1,0,Corporate & Institutional Event,Gedung AA Maramis,Unspecified,-,Gedung AA Maramis (General / Kompleks),Lembaga Pembiayaan Ekspor Indonesia (LPEI),BUMN & Lembaga Keuangan,Mas Bayu,,,,,14828841,A.A. Maramis Events,32ac31470bb2,2026-08-26T09:39:26+07:00,,https://teamup.com/ksmwq7sm1fck44ynrs
2116681709,ECW walking tour,ECW walking tour,2026,9,2026-09-12,2026-09-12,All Day,All Day,1,1,0,Heritage Walking Tour & Visit,Gedung AA Maramis,Unspecified,-,Gedung AA Maramis (General / Kompleks),"Eat, Chat, Walk (ECW)",Komunitas & Heritage Tour,-,,,,,14828841,A.A. Maramis Events,1b948bacf8fa,2026-06-18T09:09:32+07:00,2026-06-18T09:18:13+07:00,https://teamup.com/ksmwq7sm1fck44ynrs
2156566406,Walking tour girls go walk (15.30 - 17.30),Walking tour girls go walk (15.30 - 17.30),2026,9,2026-09-19,2026-09-19,All Day,All Day,1,1,0,Heritage Walking Tour & Visit,Gedung AA Maramis,Unspecified,-,Gedung AA Maramis (General / Kompleks),Girls Go Walk,Komunitas & Heritage Tour,-,,,,,14828841,A.A. Maramis Events,0a399ad51563,2026-08-26T11:15:06+07:00,2026-08-26T11:15:52+07:00,https://teamup.com/ksmwq7sm1fck44ynrs
2162364880,Gitanada (A2),Gitanada (A2),2026,9,2026-09-27,2026-09-27,All Day,All Day,1,1,0,Concert & Music Performance,Gedung A,Lantai 2,-,Gedung A Lantai 2,Gitanada School of Music,Pendidikan & Seni Musik,-,,,,,14828841,A.A. Maramis Events,66a80ed14513,2026-09-04T10:18:26+07:00,2026-09-16T09:19:13+07:00,https://teamup.com/ksmwq7sm1fck44ynrs
2174736367,Close (maintenance),Close (maintenance),2026,10,2026-10-03,2026-10-04,All Day,All Day,2,1,0,Maintenance & Facility Closure,Gedung AA Maramis,Unspecified,-,Gedung AA Maramis (General / Kompleks),Mitra Eksternal / Penyelenggara Umum,Lainnya / Eksternal,-,,,,,14828841,A.A. Maramis Events,a31decfcba93,2026-09-24T08:25:39+07:00,2026-09-24T08:27:24+07:00,https://teamup.com/ksmwq7sm1fck44ynrs
2159422755,Nelly music,Nelly music,2026,10,2026-10-11,2026-10-11,All Day,All Day,1,1,0,Concert & Music Performance,Gedung AA Maramis,Unspecified,-,Gedung AA Maramis (General / Kompleks),Nelly Music,Pendidikan & Seni Musik,-,,,,,14828841,A.A. Maramis Events,058750ae68f3,2026-08-31T14:13:37+07:00,,https://teamup.com/ksmwq7sm1fck44ynrs
2145132937,Loading disparekraf,Loading disparekraf,2026,10,2026-10-20,2026-10-20,All Day,All Day,1,1,1,Loading & Technical Setup,Gedung AA Maramis,Unspecified,-,Gedung AA Maramis (General / Kompleks),Dinas Pariwisata dan Ekonomi Kreatif DKI Jakarta,Kementerian & Lembaga Negara,-,,,,,14828841,A.A. Maramis Events,5d8ce556854e,2026-08-06T15:46:19+07:00,,https://teamup.com/ksmwq7sm1fck44ynrs
2145092943,Disparekraf (tbc),Disparekraf (tbc),2026,10,2026-10-21,2026-10-21,All Day,All Day,1,1,0,Corporate & Institutional Event,Gedung AA Maramis,Unspecified,-,Gedung AA Maramis (General / Kompleks),Dinas Pariwisata dan Ekonomi Kreatif DKI Jakarta,Kementerian & Lembaga Negara,-,,,,,14828841,A.A. Maramis Events,b79e0ce39923,2026-08-06T14:11:16+07:00,2026-08-06T15:46:31+07:00,https://teamup.com/ksmwq7sm1fck44ynrs
2164628103,Mochtar forum 2026 (up sarah IKA Unpad) C2,Mochtar forum 2026 (up sarah IKA Unpad) C2,2026,10,2026-10-22,2026-10-22,All Day,All Day,1,1,0,"Forum, Seminar & Workshop",Gedung C,Lantai 2,-,Gedung C Lantai 2,Alumni Universitas (IKA Unpad / Unand),Pendidikan & Akademik,sarah IKA Unpad,,,,,14828841,A.A. Maramis Events,10cde0b7f597,2026-09-08T15:17:11+07:00,2026-09-11T09:08:59+07:00,https://teamup.com/ksmwq7sm1fck44ynrs
2138886609,Hari Oeang,Hari Oeang,2026,10,2026-10-30,2026-10-30,All Day,All Day,1,1,0,"Official Meeting, Ceremony & Gala",Gedung AA Maramis,Unspecified,-,Gedung AA Maramis (General / Kompleks),Pimpinan Kementerian Keuangan RI,Kementerian Keuangan RI (Internal),-,,,,,14828841,A.A. Maramis Events,b59864820cb2,2026-07-27T07:40:21+07:00,,https://teamup.com/ksmwq7sm1fck44ynrs
2153700190,AGSI A2 (tbc),AGSI A2 (tbc),2026,11,2026-11-01,2026-11-30,All Day,All Day,30,1,0,"Exhibition, Bazaar & Festival",Gedung A,Lantai 2,-,Gedung A Lantai 2,Asosiasi Galeri Seni Indonesia (AGSI),Seni & Kebudayaan,-,,,,,14828841,A.A. Maramis Events,32a85351b320,2026-08-21T08:36:14+07:00,,https://teamup.com/ksmwq7sm1fck44ynrs
2157381480,Loading bazar indonesia (all C2),Loading bazar indonesia (all C2),2026,11,2026-11-02,2026-11-03,All Day,All Day,2,1,1,Loading & Technical Setup,Gedung C,Lantai 2,-,Gedung C Lantai 2,Mitra Eksternal / Penyelenggara Umum,Lainnya / Eksternal,-,,,,,14828841,A.A. Maramis Events,e6b2380ae478,2026-08-27T15:59:17+07:00,2026-09-04T14:30:20+07:00,https://teamup.com/ksmwq7sm1fck44ynrs
2140376443,Bazar indonesia by geraldine (all C2),Bazar indonesia by geraldine (all C2),2026,11,2026-11-04,2026-11-07,All Day,All Day,4,1,0,"Exhibition, Bazaar & Festival",Gedung C,Lantai 2,-,Gedung C Lantai 2,Bazar Indonesia by Geraldine,Festival & Bazaar Kreatif,-,,,,,14828841,A.A. Maramis Events,df0da082be31,2026-07-29T13:04:49+07:00,2026-09-04T14:30:07+07:00,https://teamup.com/ksmwq7sm1fck44ynrs
2149051772,JICC,JICC,2026,11,2026-11-08,2026-11-15,All Day,All Day,8,1,0,"Exhibition, Bazaar & Festival",Gedung AA Maramis,Unspecified,-,Gedung AA Maramis (General / Kompleks),Jakarta International Coffee Conference (JICC),Festival & Konferensi,-,,,,,14828841,A.A. Maramis Events,31e561194a35,2026-08-13T14:16:57+07:00,2026-08-14T16:14:51+07:00,https://teamup.com/ksmwq7sm1fck44ynrs
2138886577,Loading fashion show,Loading fashion show,2026,11,2026-11-18,2026-11-18,All Day,All Day,1,1,1,Loading & Technical Setup,Gedung AA Maramis,Unspecified,-,Gedung AA Maramis (General / Kompleks),Mitra Eksternal / Penyelenggara Umum,Lainnya / Eksternal,-,,,,,14828841,A.A. Maramis Events,d060c487cd9f,2026-07-27T07:40:04+07:00,,https://teamup.com/ksmwq7sm1fck44ynrs
2138886553,Fashion show Stella Lunardy,Fashion show Stella Lunardy,2026,11,2026-11-19,2026-11-19,All Day,All Day,1,1,0,Photoshoot & Fashion Show,Gedung AA Maramis,Unspecified,-,Gedung AA Maramis (General / Kompleks),Stella Lunardy,Swasta & Brand Lifestyle,-,,,,,14828841,A.A. Maramis Events,2f87ddf288c3,2026-07-27T07:39:51+07:00,,https://teamup.com/ksmwq7sm1fck44ynrs
2145080886,Loading MoveFest,Loading MoveFest,2026,11,2026-11-26,2026-11-26,All Day,All Day,1,1,1,Loading & Technical Setup,Gedung AA Maramis,Unspecified,-,Gedung AA Maramis (General / Kompleks),MoveFest Indonesia,Festival & Bazaar Kreatif,-,,,,,14828841,A.A. Maramis Events,528e6527a452,2026-08-06T13:53:56+07:00,2026-08-11T14:30:12+07:00,https://teamup.com/ksmwq7sm1fck44ynrs
2145080827,MoveFest 2026,MoveFest 2026,2026,11,2026-11-27,2026-11-29,All Day,All Day,3,1,0,"Exhibition, Bazaar & Festival",Gedung AA Maramis,Unspecified,-,Gedung AA Maramis (General / Kompleks),MoveFest Indonesia,Festival & Bazaar Kreatif,-,,,,,14828841,A.A. Maramis Events,9a8d45c8fc97,2026-08-06T13:53:39+07:00,2026-08-11T14:30:43+07:00,https://teamup.com/ksmwq7sm1fck44ynrs
2174762169,Produksi film Hatta,Produksi film Hatta,2026,11,2026-11-30,2026-12-09,All Day,All Day,10,1,0,Film & Media Production,Gedung AA Maramis,Unspecified,-,Gedung AA Maramis (General / Kompleks),Produksi Film Bung Hatta,Industri Kreatif & Perfilman,-,,,,,14828841,A.A. Maramis Events,db0516412b27,2026-09-24T09:47:44+07:00,,https://teamup.com/ksmwq7sm1fck44ynrs
2163477805,ECW,ECW,2026,12,2026-12-05,2026-12-05,All Day,All Day,1,1,0,Heritage Walking Tour & Visit,Gedung AA Maramis,Unspecified,-,Gedung AA Maramis (General / Kompleks),"Eat, Chat, Walk (ECW)",Komunitas & Heritage Tour,-,,,,,14828841,A.A. Maramis Events,a2eff580268c,2026-09-06T13:38:37+07:00,,https://teamup.com/ksmwq7sm1fck44ynrs
2149713927,Loading Semasa,Loading Semasa,2026,12,2026-12-10,2026-12-10,All Day,All Day,1,1,1,Loading & Technical Setup,Gedung AA Maramis,Unspecified,-,Gedung AA Maramis (General / Kompleks),Semasa di Kota,Festival & Bazaar Kreatif,-,,,,,14828841,A.A. Maramis Events,c34af4235dda,2026-08-14T15:58:38+07:00,,https://teamup.com/ksmwq7sm1fck44ynrs
2149713995,Semasa,Semasa,2026,12,2026-12-11,2026-12-13,All Day,All Day,3,1,0,"Exhibition, Bazaar & Festival",Gedung AA Maramis,Unspecified,-,Gedung AA Maramis (General / Kompleks),Semasa di Kota,Festival & Bazaar Kreatif,-,,,,,14828841,A.A. Maramis Events,98fc9b1c4c91,2026-08-14T15:58:56+07:00,,https://teamup.com/ksmwq7sm1fck44ynrs
